2015-09-23 08:30:31,646,Whats My IP,INFO,Local IP:,192.168.9.76,Ext IP,:196.24.41.254
2015-09-23 08:49:20,065,Whats My IP,INFO,Local IP:,192.168.9.76,Ext IP,:196.24.41.254
2015-09-23 10:11:37,543,Whats My IP,INFO,Local IP:,192.168.9.76,Ext IP,:196.24.41.254
2015-09-23 12:17:45,892,Whats My IP,INFO,Local IP:,192.168.9.76,Ext IP,:196.24.41.254
2015-09-23 12:23:00,624,Whats My IP,INFO,Local IP:,192.168.9.76,Ext IP,:196.24.41.254
2015-09-23 12:27:34,489,Whats My IP,INFO,Local IP:,192.168.9.76,Ext IP,:196.24.41.254
2015-09-23 12:34:17,945,Whats My IP,INFO,Local IP:,192.168.9.76,Ext IP,:196.24.41.254
2015-09-28 09:05:57,129,Whats My IP,INFO,Local IP:,192.168.9.76,Ext IP,:196.24.41.254
2015-09-28 17:33:29,105,Whats My IP,INFO,Local IP:,192.168.9.76,Ext IP,:196.24.41.254
2015-09-28 18:17:11,859,Whats My IP,INFO,Local IP:,192.168.9.76,Ext IP,:196.24.41.254
2015-09-29 08:57:14,840,Whats My IP,INFO,Local IP:,192.168.9.76,Ext IP,:196.24.41.254
2015-09-30 08:32:19,716,Whats My IP,INFO,Local IP:,192.168.9.76,Ext IP,:196.24.41.254
2015-09-30 18:03:35,365,Whats My IP,INFO,Local IP:,192.168.9.76,Ext IP,:196.24.41.254
